ticker,name,flag,region,zscore,ratio,date,alpha,winrate
EWQ,프랑스,🇫🇷,유럽,-3.14,0.0534,2026-10-08,-2.0,38.0
EWI,이탈리아,🇮🇹,유럽,-2.66,0.0724,2026-10-08,0.4,46.0
EWL,스위스,🇨🇭,유럽,-2.35,0.0766,2026-10-08,0.1,48.0
EWG,독일,🇩🇪,유럽,-2.34,0.0525,2026-10-08,-1.2,41.0
EPI,인도,🇮🇳,아시아,-2.0,0.0511,2026-10-08,-3.0,38.0
EWD,스웨덴,🇸🇪,유럽,-1.76,0.0648,2026-10-08,0.4,44.0
EWH,홍콩,🇭🇰,아시아,-1.72,0.0281,2026-10-08,4.1,59.0
EWW,멕시코,🇲🇽,아메리카,-1.71,0.0924,2026-10-08,-7.1,30.0
EZA,남아공,🇿🇦,기타,-1.67,0.081,2026-10-08,-4.3,26.0
EWA,호주,🇦🇺,아시아,-1.6,0.0365,2026-10-08,-0.4,46.0
FXI,중국,🇨🇳,아시아,-1.6,0.0432,2026-10-08,-1.7,50.0
EWU,영국,🇬🇧,유럽,-1.59,0.0597,2026-10-08,-1.4,38.0
EWC,캐나다,🇨🇦,아메리카,-1.49,0.0754,2026-10-08,-2.5,33.0
EWP,스페인,🇪🇸,유럽,-1.15,0.0748,2026-10-08,-0.9,35.0
EWN,네덜란드,🇳🇱,유럽,-0.77,0.0855,2026-10-08,-0.5,55.0
THD,태국,🇹🇭,아시아,-0.35,0.092,2026-10-08,-5.3,31.0
EWS,싱가포르,🇸🇬,아시아,-0.2,0.0409,2026-10-08,0.7,40.0
EWJ,일본,🇯🇵,아시아,0.32,0.1257,2026-10-08,0.9,40.0
EWY,한국,🇰🇷,아시아,0.57,0.2278,2026-10-08,0.3,38.0
EWZ,브라질,🇧🇷,아메리카,1.17,0.055,2026-10-08,3.3,52.0
EWT,대만,🇹🇼,아시아,1.42,0.1464,2026-10-08,4.6,55.0
